{
    "specular": 0.05,
    "specular_power": 1,
    "ambient": 0.3,
    "diffuse": 0.6,
    "shade": true,
    "interpolation": "phong",
    "color": {
        "background": [
            0,
            0.0,
            0.0,
            0.0,
            0
        ],
        "pelvis": [
            1,
            0.4980392156862745,
            0.4980392156862745,
            0.4980392156862745,
            1
        ],
        "femur": [
            2,
            0.9882352941176471,
            0.9882352941176471,
            0.9882352941176471,
            1
        ],
        "adductor_muscles": [
            3,
            0.0,
            1.0,
            1.0,
            1
        ],
        "biceps_femoris_muscle": [
            4,
            0.7490196078431373,
            1.0,
            0.24705882352941178,
            1
        ],
        "gluteus_maximus_muscle": [
            5,
            1.0,
            1.0,
            0.0,
            1
        ],
        "gluteus_medius_muscle": [
            6,
            0.0,
            1.0,
            0.0,
            1
        ],
        "gluteus_minimus_muscle": [
            7,
            1.0,
            0.4980392156862745,
            0.4980392156862745,
            1
        ],
        "gracilis_muscle": [
            8,
            1.0,
            0.4980392156862745,
            0.4980392156862745,
            1
        ],
        "iliacus_muscle": [
            9,
            0.4980392156862745,
            0.0,
            0.4980392156862745,
            1
        ],
        "obturator_externus_muscle": [
            10,
            0.0,
            0.0,
            1.0,
            1
        ],
        "obturator_internus_muscle": [
            11,
            1.0,
            0.0,
            0.0,
            1
        ],
        "pectineus_muscle": [
            12,
            1.0,
            0.0,
            1.0,
            1
        ],
        "piriformis_muscle": [
            13,
            1.0,
            0.4980392156862745,
            0.0,
            1
        ],
        "psoas_major_muscle": [
            14,
            0.0,
            1.0,
            1.0,
            1
        ],
        "rectus_femoris_muscle": [
            15,
            1.0,
            0.0,
            0.0,
            1
        ],
        "sartorius_muscle": [
            16,
            1.0,
            1.0,
            0.0,
            1
        ],
        "semimembranosus_muscle": [
            17,
            1.0,
            0.4980392156862745,
            0.0,
            1
        ],
        "semitendinosus_muscle": [
            18,
            1.0,
            0.0,
            1.0,
            1
        ],
        "tensor_fasciae_latae_muscle": [
            19,
            0.0,
            0.0,
            1.0,
            1
        ],
        "vastus_lateralis_muscle_and_vastus_intermedius_muscle": [
            20,
            0.4980392156862745,
            0.0,
            0.4980392156862745,
            1
        ],
        "vastus_medialis_muscle": [
            21,
            0.0,
            1.0,
            0.0,
            1
        ],
        "sacrum": [
            22,
            0.2980392156862745,
            0.2980392156862745,
            0.2980392156862745,
            1
        ],
        "rectus_abdominis": [
            23,
            0.7490196078431373,
            1.0,
            0.24705882352941178,
            1
        ],
        "intercostal_muscles": [
            24,
            0.0,
            1.0,
            1.0,
            1
        ],
        "erector_spinae": [
            25,
            1.0,
            0.6588235294117647,
            0.0,
            1
        ],
        "quadratus_lumborum": [
            26,
            0.0,
            0.0,
            1.0,
            1
        ],
        "internal_oblique": [
            27,
            0.9490196078431372,
            0.4470588235294118,
            0.9490196078431372,
            1
        ],
        "transversus_abdominis": [
            28,
            0.4588235294117647,
            0.058823529411764705,
            0.7490196078431373,
            1
        ],
        "external_oblique": [
            29,
            0.25882352941176473,
            0.7686274509803922,
            0.4588235294117647,
            1
        ],
        "pectoralis_major": [
            30,
            0.6,
            0.6666666666666666,
            0.8980392156862745,
            1
        ],
        "pectoralis_minor": [
            31,
            0.6784313725490196,
            0.3568627450980392,
            0.4392156862745098,
            1
        ],
        "trapezius": [
            32,
            1.0,
            0.0,
            1.0,
            1
        ],
        "serratus_anterior": [
            33,
            0.9490196078431372,
            0.08627450980392157,
            0.11764705882352941,
            1
        ],
        "latissimus_dorsi": [
            34,
            0.0,
            1.0,
            0.0,
            1
        ],
        "supraspinatus": [
            35,
            0.8196078431372549,
            0.09803921568627451,
            0.8392156862745098,
            1
        ],
        "infraspinatus": [
            36,
            0.0,
            1.0,
            1.0,
            1
        ],
        "subscapularis": [
            37,
            0.0196078431372549,
            0.2980392156862745,
            0.6588235294117647,
            1
        ],
        "teres_major": [
            38,
            1.0,
            0.4666666666666667,
            0.0,
            1
        ],
        "teres_minor": [
            39,
            0.807843137254902,
            0.6980392156862745,
            0.09803921568627451,
            1
        ],
        "other_muscles": [
            40,
            0.9568627450980393,
            0.7372549019607844,
            0.5568627450980392,
            1
        ],
        "visceral_fat": [
            41,
            0.9490196078431372,
            0.9490196078431372,
            0.6,
            1
        ],
        "subcutaneous_fat": [
            42,
            0.9568627450980393,
            0.9098039215686274,
            0.8274509803921568,
            0.001
        ],
        "C1": [
            43,
            1.0,
            0.0,
            0.0,
            1
        ],
        "C2": [
            44,
            0.0,
            1.0,
            0.0,
            1
        ],
        "C3": [
            45,
            0.0,
            0.0,
            1.0,
            1
        ],
        "C4": [
            46,
            1.0,
            1.0,
            0.0,
            1
        ],
        "C5": [
            47,
            0.0,
            1.0,
            1.0,
            1
        ],
        "C6": [
            48,
            1.0,
            0.0,
            1.0,
            1
        ],
        "C7": [
            49,
            1.0,
            0.9333333333333333,
            0.8313725490196079,
            1
        ],
        "Th1": [
            50,
            0.0,
            0.0,
            0.8,
            1
        ],
        "Th2": [
            51,
            0.8,
            0.5215686274509804,
            0.24705882352941178,
            1
        ],
        "Th3": [
            52,
            0.8235294117647058,
            0.7019607843137254,
            0.5490196078431373,
            1
        ],
        "Th4": [
            53,
            0.4,
            0.8,
            0.6666666666666666,
            1
        ],
        "Th5": [
            54,
            0.0,
            0.0,
            0.4980392156862745,
            1
        ],
        "Th6": [
            55,
            0.0,
            0.5450980392156862,
            0.5450980392156862,
            1
        ],